<?xml version="1.0" encoding="UTF-8"?>
<project-private xmlns="http://www.netbeans.org/ns/project-private/1">
    <editor-bookmarks xmlns="http://www.netbeans.org/ns/editor-bookmarks/2" lastBookmarkId="0"/>
    <open-files xmlns="http://www.netbeans.org/ns/projectui-open-files/2">
        <group>
            <file>file:/C:/Users/Katherina%20Zea/Documents/NetBeansProjects/ProyectoF/src/java/interfaz/frmInicio.java</file>
            <file>file:/C:/Users/Katherina%20Zea/Documents/NetBeansProjects/ProyectoF/src/java/svlPreguntas.java</file>
            <file>file:/C:/Users/Katherina%20Zea/Documents/NetBeansProjects/ProyectoF/src/java/interfaz/frmVentana.java</file>
            <file>file:/C:/Users/Katherina%20Zea/Documents/NetBeansProjects/ProyectoF/web/preguntas.jsp</file>
            <file>file:/C:/Users/Katherina%20Zea/Documents/NetBeansProjects/ProyectoF/web/index.jsp</file>
            <file>file:/C:/Users/Katherina%20Zea/Documents/NetBeansProjects/ProyectoF/src/java/Logica/pregunta.java</file>
            <file>file:/C:/Users/Katherina%20Zea/Documents/NetBeansProjects/ProyectoF/nbproject/build-impl.xml</file>
        </group>
    </open-files>
</project-private>
